"","cpu","http_times","session_count","thread_count","used_memory"
"cpu","1.0","-0.3809435131124218","0.5089685195659908","0.29889650339897866","-0.4645780702788424"
"http_times","-0.3809435131124218","1.0","-0.5210653857082601","-0.6303495395375631","0.3487617175662417"
"session_count","0.5089685195659908","-0.5210653857082601","1.0","0.45526021319938564","-0.23494166362651797"
"thread_count","0.29889650339897866","-0.6303495395375631","0.45526021319938564","1.0","-0.21237924632175184"
"used_memory","-0.4645780702788424","0.3487617175662417","-0.23494166362651797","-0.21237924632175184","1.0"
