"","cpu","http_times","session_count","thread_count","used_memory"
"cpu","1.0","0.10547223959229085","0.08830609815810413","0.11081952203745961","0.026441579217345565"
"http_times","0.10547223959229085","1.0","0.5671035921852061","0.4844172751481992","0.6395046088453588"
"session_count","0.08830609815810413","0.5671035921852061","1.0","0.665938271040775","0.7039125755863276"
"thread_count","0.11081952203745961","0.4844172751481992","0.665938271040775","1.0","0.7598322861864424"
"used_memory","0.026441579217345565","0.6395046088453588","0.7039125755863276","0.7598322861864424","1.0"
