"","cpu","http_times","session_count","thread_count","used_memory"
"cpu","1.1736263560121583","0.1956011665046432","0.15014856340203586","0.08990307462389469","0.21323489211673585"
"http_times","0.19560116650464388","1.1290817047821977","0.33138858972100427","0.3158819141763486","0.09236095247561127"
"session_count","0.1501485634020363","0.33138858972100405","1.6471499434531687","0.23708943195584542","0.12990964513344383"
"thread_count","0.08990307462389469","0.3158819141763485","0.23708943195584564","1.359648269070926","0.10932314004930865"
"used_memory","0.21323489211673663","0.09236095247561171","0.1299096451334436","0.10932314004930865","1.6141263830683694"
